Znacka,URL
"4CR","https://www.osb-desky.cz/barvy-a-laky/4cr"
"A.S. Création","https://www.osb-desky.cz/barvy-a-laky/a-s-creation"
"Abamal","https://www.osb-desky.cz/barvy-a-laky/abamal"
"ACI","https://www.osb-desky.cz/barvy-a-laky/aci"
"Adler Česko","https://www.osb-desky.cz/barvy-a-laky/adler-cesko"
"Aerosol - service","https://www.osb-desky.cz/barvy-a-laky/aerosol-service"
"AG TERMOPASTY","https://www.osb-desky.cz/barvy-a-laky/ag-termopasty"
"Agama","https://www.osb-desky.cz/barvy-a-laky/agama"
"Aktidřevin","https://www.osb-desky.cz/barvy-a-laky/aktidrevin"
"Akzo","https://www.osb-desky.cz/barvy-a-laky/akzo"
"Akzo Nobel","https://www.osb-desky.cz/barvy-a-laky/akzo-nobel"
"Alfachem","https://www.osb-desky.cz/barvy-a-laky/alfachem"
"Alkapren","https://www.osb-desky.cz/barvy-a-laky/alkapren"
"Alkyton","https://www.osb-desky.cz/barvy-a-laky/alkyton"
"Amarit","https://www.osb-desky.cz/barvy-a-laky/amarit"
"Apipol-Wax","https://www.osb-desky.cz/barvy-a-laky/apipol-wax"
"Articolor","https://www.osb-desky.cz/barvy-a-laky/articolor"
"Atlas","https://www.osb-desky.cz/barvy-a-laky/atlas"
"Aug Hedinger","https://www.osb-desky.cz/barvy-a-laky/aug-hedinger"
"Auson","https://www.osb-desky.cz/barvy-a-laky/auson"
"Austis","https://www.osb-desky.cz/barvy-a-laky/austis"
"Auto-max","https://www.osb-desky.cz/barvy-a-laky/auto-max"
"AV EQUEN","https://www.osb-desky.cz/barvy-a-laky/av-equen"
"Bakrylex","https://www.osb-desky.cz/barvy-a-laky/bakrylex"
"Bal Hostivař","https://www.osb-desky.cz/barvy-a-laky/bal-hostivar"
"Bal Teluria","https://www.osb-desky.cz/barvy-a-laky/bal-teluria"
"Balakryl","https://www.osb-desky.cz/barvy-a-laky/balakryl"
"Baltech","https://www.osb-desky.cz/barvy-a-laky/baltech"
"Barlet","https://www.osb-desky.cz/barvy-a-laky/barlet"
"Barvy a Laky Hostivař","https://www.osb-desky.cz/barvy-a-laky/barvy-a-laky-hostivar"
"Barvy a laky Teluria","https://www.osb-desky.cz/barvy-a-laky/barvy-a-laky-teluria"
"Barvy Herman","https://www.osb-desky.cz/barvy-a-laky/barvy-herman"
"Barvy Plus","https://www.osb-desky.cz/barvy-a-laky/barvy-plus"
"Baumit","https://www.osb-desky.cz/barvy-a-laky/baumit"
"BBB barvy","https://www.osb-desky.cz/barvy-a-laky/bbb-barvy"
"Becher Profi","https://www.osb-desky.cz/barvy-a-laky/becher-profi"
"Belinka","https://www.osb-desky.cz/barvy-a-laky/belinka"
"Bigstone","https://www.osb-desky.cz/barvy-a-laky/bigstone"
"BIONE cosmetics","https://www.osb-desky.cz/barvy-a-laky/bione-cosmetics"
"Bisil","https://www.osb-desky.cz/barvy-a-laky/bisil"
"BKP GROUP","https://www.osb-desky.cz/barvy-a-laky/bkp-group"
"Body Color","https://www.osb-desky.cz/barvy-a-laky/body-color"
"Bochemit","https://www.osb-desky.cz/barvy-a-laky/bochemit"
"Bolix","https://www.osb-desky.cz/barvy-a-laky/bolix"
"BOLL","https://www.osb-desky.cz/barvy-a-laky/boll"
"Bona","https://www.osb-desky.cz/barvy-a-laky/bona"
"Bondex","https://www.osb-desky.cz/barvy-a-laky/bondex"
"BONDEX WHITE SPIRIT","https://www.osb-desky.cz/barvy-a-laky/bondex-white-spirit"
"BoreTech","https://www.osb-desky.cz/barvy-a-laky/boretech"
"Bori","https://www.osb-desky.cz/barvy-a-laky/bori"
"Borma Wachs","https://www.osb-desky.cz/barvy-a-laky/borma-wachs"
"Brunox","https://www.osb-desky.cz/barvy-a-laky/brunox"
"BSA","https://www.osb-desky.cz/barvy-a-laky/bsa"
"Building Plast","https://www.osb-desky.cz/barvy-a-laky/building-plast"
"BULDOK new","https://www.osb-desky.cz/barvy-a-laky/buldok-new"
"Caparol","https://www.osb-desky.cz/barvy-a-laky/caparol"
"Carfit","https://www.osb-desky.cz/barvy-a-laky/carfit"
"CARLINE","https://www.osb-desky.cz/barvy-a-laky/carline"
"Carlson","https://www.osb-desky.cz/barvy-a-laky/carlson"
"CB Chemie Servisní","https://www.osb-desky.cz/barvy-a-laky/cb-chemie-servisni"
"Cemix","https://www.osb-desky.cz/barvy-a-laky/cemix"
"Ciranova","https://www.osb-desky.cz/barvy-a-laky/ciranova"
"Citon","https://www.osb-desky.cz/barvy-a-laky/citon"
"Cleamen","https://www.osb-desky.cz/barvy-a-laky/cleamen"
"Clou","https://www.osb-desky.cz/barvy-a-laky/clou"
"Color Company","https://www.osb-desky.cz/barvy-a-laky/color-company"
"ColorCity","https://www.osb-desky.cz/barvy-a-laky/colorcity"
"Colorex","https://www.osb-desky.cz/barvy-a-laky/colorex"
"Colorlak","https://www.osb-desky.cz/barvy-a-laky/colorlak"
"Complex - Josef Schellhorn","https://www.osb-desky.cz/barvy-a-laky/complex-josef-schellhorn"
"COYOTE","https://www.osb-desky.cz/barvy-a-laky/coyote"
"CYKLON","https://www.osb-desky.cz/barvy-a-laky/cyklon"
"Čerťák","https://www.osb-desky.cz/barvy-a-laky/certak"
"ČESKÝ STAVITEL","https://www.osb-desky.cz/barvy-a-laky/cesky-stavitel"
"Dakota Living","https://www.osb-desky.cz/barvy-a-laky/dakota-living"
"Dawex Chemical","https://www.osb-desky.cz/barvy-a-laky/dawex-chemical"
"DEBEER","https://www.osb-desky.cz/barvy-a-laky/debeer"
"Deerfos","https://www.osb-desky.cz/barvy-a-laky/deerfos"
"Dekfinish","https://www.osb-desky.cz/barvy-a-laky/dekfinish"
"Dekoral","https://www.osb-desky.cz/barvy-a-laky/dekoral"
"Den Braven","https://www.osb-desky.cz/barvy-a-laky/den-braven"
"Denas","https://www.osb-desky.cz/barvy-a-laky/denas"
"Denas Color","https://www.osb-desky.cz/barvy-a-laky/denas-color"
"Detecha","https://www.osb-desky.cz/barvy-a-laky/detecha"
"Dexoll","https://www.osb-desky.cz/barvy-a-laky/dexoll"
"DF Partner","https://www.osb-desky.cz/barvy-a-laky/df-partner"
"Dictum","https://www.osb-desky.cz/barvy-a-laky/dictum"
"Dispechem","https://www.osb-desky.cz/barvy-a-laky/dispechem"
"DISTRIMO","https://www.osb-desky.cz/barvy-a-laky/distrimo"
"Druchema","https://www.osb-desky.cz/barvy-a-laky/druchema"
"Druchema Lihové mořidlo","https://www.osb-desky.cz/barvy-a-laky/druchema-lihove-moridlo"
"Düfa","https://www.osb-desky.cz/barvy-a-laky/dufa"
"Dulux","https://www.osb-desky.cz/barvy-a-laky/dulux"
"Dupli Color","https://www.osb-desky.cz/barvy-a-laky/dupli-color"
"Dynacoat","https://www.osb-desky.cz/barvy-a-laky/dynacoat"
"Eco-Solutions Limited","https://www.osb-desky.cz/barvy-a-laky/eco-solutions-limited"
"ECOFOL","https://www.osb-desky.cz/barvy-a-laky/ecofol"
"Ecoliquid","https://www.osb-desky.cz/barvy-a-laky/ecoliquid"
"ELCHEMCo","https://www.osb-desky.cz/barvy-a-laky/elchemco"
"EnviChem","https://www.osb-desky.cz/barvy-a-laky/envichem"
"Ep Vernici","https://www.osb-desky.cz/barvy-a-laky/ep-vernici"
"Epolex","https://www.osb-desky.cz/barvy-a-laky/epolex"
"Estetik","https://www.osb-desky.cz/barvy-a-laky/estetik"
"Eternal","https://www.osb-desky.cz/barvy-a-laky/eternal"
"Euronářadí","https://www.osb-desky.cz/barvy-a-laky/euronaradi"
"EXPERT LINE","https://www.osb-desky.cz/barvy-a-laky/expert-line"
"Faren","https://www.osb-desky.cz/barvy-a-laky/faren"
"Farmicol SpA","https://www.osb-desky.cz/barvy-a-laky/farmicol-spa"
"Farrow & Ball","https://www.osb-desky.cz/barvy-a-laky/farrow-ball"
"Ferdus","https://www.osb-desky.cz/barvy-a-laky/ferdus"
"Finalit","https://www.osb-desky.cz/barvy-a-laky/finalit"
"Finess","https://www.osb-desky.cz/barvy-a-laky/finess"
"Finkolora","https://www.osb-desky.cz/barvy-a-laky/finkolora"
"Flagon","https://www.osb-desky.cz/barvy-a-laky/flagon"
"Flügger","https://www.osb-desky.cz/barvy-a-laky/flugger"
"FN NANO","https://www.osb-desky.cz/barvy-a-laky/fn-nano"
"FORCH","https://www.osb-desky.cz/barvy-a-laky/forch"
"Fortekryl","https://www.osb-desky.cz/barvy-a-laky/fortekryl"
"Fox","https://www.osb-desky.cz/barvy-a-laky/fox"
"Fronton","https://www.osb-desky.cz/barvy-a-laky/fronton"
"GoTherm","https://www.osb-desky.cz/barvy-a-laky/gotherm"
"Granit","https://www.osb-desky.cz/barvy-a-laky/granit"
"Gutta","https://www.osb-desky.cz/barvy-a-laky/gutta"
"Hadex","https://www.osb-desky.cz/barvy-a-laky/hadex"
"Hahn Color","https://www.osb-desky.cz/barvy-a-laky/hahn-color"
"Hammerite","https://www.osb-desky.cz/barvy-a-laky/hammerite"
"Havlíček truhlářství","https://www.osb-desky.cz/barvy-a-laky/havlicek-truhlarstvi"
"HB-Lak","https://www.osb-desky.cz/barvy-a-laky/hb-lak"
"Helios","https://www.osb-desky.cz/barvy-a-laky/helios"
"Henkel","https://www.osb-desky.cz/barvy-a-laky/henkel"
"Herbol","https://www.osb-desky.cz/barvy-a-laky/herbol"
"Het","https://www.osb-desky.cz/barvy-a-laky/het"
"HF Market","https://www.osb-desky.cz/barvy-a-laky/hf-market"
"HF servis","https://www.osb-desky.cz/barvy-a-laky/hf-servis"
"HG","https://www.osb-desky.cz/barvy-a-laky/hg"
"HLUBNA","https://www.osb-desky.cz/barvy-a-laky/hlubna"
"Hokr","https://www.osb-desky.cz/barvy-a-laky/hokr"
"Hornbach","https://www.osb-desky.cz/barvy-a-laky/hornbach"
"Hostagrund","https://www.osb-desky.cz/barvy-a-laky/hostagrund"
"Howard Products","https://www.osb-desky.cz/barvy-a-laky/howard-products"
"Hyperticus Bio","https://www.osb-desky.cz/barvy-a-laky/hyperticus-bio"
"CHAMAELEON","https://www.osb-desky.cz/barvy-a-laky/chamaeleon"
"Chamaleon","https://www.osb-desky.cz/barvy-a-laky/chamaleon"
"Chemolak","https://www.osb-desky.cz/barvy-a-laky/chemolak"
"Chemoxyl","https://www.osb-desky.cz/barvy-a-laky/chemoxyl"
"Chromos","https://www.osb-desky.cz/barvy-a-laky/chromos"
"Chytrá zeď","https://www.osb-desky.cz/barvy-a-laky/chytra-zed"
"Icla","https://www.osb-desky.cz/barvy-a-laky/icla"
"Impranal","https://www.osb-desky.cz/barvy-a-laky/impranal"
"Industrit","https://www.osb-desky.cz/barvy-a-laky/industrit"
"Industrol","https://www.osb-desky.cz/barvy-a-laky/industrol"
"Inhicor","https://www.osb-desky.cz/barvy-a-laky/inhicor"
"Intercut","https://www.osb-desky.cz/barvy-a-laky/intercut"
"IZOMAT stavebniny","https://www.osb-desky.cz/barvy-a-laky/izomat-stavebniny"
"Jansen","https://www.osb-desky.cz/barvy-a-laky/jansen"
"Jeger","https://www.osb-desky.cz/barvy-a-laky/jeger"
"Johnstone´s","https://www.osb-desky.cz/barvy-a-laky/johnstone-s"
"JOHNSTONES","https://www.osb-desky.cz/barvy-a-laky/johnstones"
"Jub","https://www.osb-desky.cz/barvy-a-laky/jub"
"Jupol","https://www.osb-desky.cz/barvy-a-laky/jupol"
"K&N Filters","https://www.osb-desky.cz/barvy-a-laky/k-n-filters"
"Kabe","https://www.osb-desky.cz/barvy-a-laky/kabe"
"Kana","https://www.osb-desky.cz/barvy-a-laky/kana"
"Kansai Helios","https://www.osb-desky.cz/barvy-a-laky/kansai-helios"
"Karcher","https://www.osb-desky.cz/barvy-a-laky/karcher"
"Kavan","https://www.osb-desky.cz/barvy-a-laky/kavan"
"KHB Keramika","https://www.osb-desky.cz/barvy-a-laky/khb-keramika"
"Kittfort","https://www.osb-desky.cz/barvy-a-laky/kittfort"
"Klumpp Coatings","https://www.osb-desky.cz/barvy-a-laky/klumpp-coatings"
"KM PLUS","https://www.osb-desky.cz/barvy-a-laky/km-plus"
"Knauf insulation","https://www.osb-desky.cz/barvy-a-laky/knauf-insulation"
"Koh-i-noor","https://www.osb-desky.cz/barvy-a-laky/koh-i-noor"
"Koopmans","https://www.osb-desky.cz/barvy-a-laky/koopmans"
"Kreul","https://www.osb-desky.cz/barvy-a-laky/kreul"
"Kwasny","https://www.osb-desky.cz/barvy-a-laky/kwasny"
"Labar","https://www.osb-desky.cz/barvy-a-laky/labar"
"Lachner","https://www.osb-desky.cz/barvy-a-laky/lachner"
"Lazurol","https://www.osb-desky.cz/barvy-a-laky/lazurol"
"Lefranc amp Bourgeois","https://www.osb-desky.cz/barvy-a-laky/lefranc-amp-bourgeois"
"Lefranc amp Bourgeois 2","https://www.osb-desky.cz/barvy-a-laky/lefranc-amp-bourgeois-2"
"Leinos","https://www.osb-desky.cz/barvy-a-laky/leinos"
"Lesonal","https://www.osb-desky.cz/barvy-a-laky/lesonal"
"Lignofix","https://www.osb-desky.cz/barvy-a-laky/lignofix"
"LIQUI MOLY","https://www.osb-desky.cz/barvy-a-laky/liqui-moly"
"LITHOFIN","https://www.osb-desky.cz/barvy-a-laky/lithofin"
"Loba","https://www.osb-desky.cz/barvy-a-laky/loba"
"Lučební závody","https://www.osb-desky.cz/barvy-a-laky/lucebni-zavody"
"Lučební závody Kolín","https://www.osb-desky.cz/barvy-a-laky/lucebni-zavody-kolin"
"LuxDecor","https://www.osb-desky.cz/barvy-a-laky/luxdecor"
"Luxol","https://www.osb-desky.cz/barvy-a-laky/luxol"
"M-Kavis","https://www.osb-desky.cz/barvy-a-laky/m-kavis"
"Malíř","https://www.osb-desky.cz/barvy-a-laky/malir"
"Mapei","https://www.osb-desky.cz/barvy-a-laky/mapei"
"Marty’s","https://www.osb-desky.cz/barvy-a-laky/marty-s"
"Mastersil","https://www.osb-desky.cz/barvy-a-laky/mastersil"
"MAT GROUP","https://www.osb-desky.cz/barvy-a-laky/mat-group"
"Meffert","https://www.osb-desky.cz/barvy-a-laky/meffert"
"METRUM","https://www.osb-desky.cz/barvy-a-laky/metrum"
"Mipa","https://www.osb-desky.cz/barvy-a-laky/mipa"
"Modulan","https://www.osb-desky.cz/barvy-a-laky/modulan"
"Montana Cans","https://www.osb-desky.cz/barvy-a-laky/montana-cans"
"Morys","https://www.osb-desky.cz/barvy-a-laky/morys"
"Motip","https://www.osb-desky.cz/barvy-a-laky/motip"
"Murexin","https://www.osb-desky.cz/barvy-a-laky/murexin"
"Nanolab","https://www.osb-desky.cz/barvy-a-laky/nanolab"
"Nanoprotech","https://www.osb-desky.cz/barvy-a-laky/nanoprotech"
"Neotex","https://www.osb-desky.cz/barvy-a-laky/neotex"
"Novochema","https://www.osb-desky.cz/barvy-a-laky/novochema"
"Novol","https://www.osb-desky.cz/barvy-a-laky/novol"
"Obi","https://www.osb-desky.cz/barvy-a-laky/obi"
"Odie’s","https://www.osb-desky.cz/barvy-a-laky/odie-s"
"Okko","https://www.osb-desky.cz/barvy-a-laky/okko"
"Oli-Natura","https://www.osb-desky.cz/barvy-a-laky/oli-natura"
"ORLEN","https://www.osb-desky.cz/barvy-a-laky/orlen"
"Osmo","https://www.osb-desky.cz/barvy-a-laky/osmo"
"Owatrol","https://www.osb-desky.cz/barvy-a-laky/owatrol"
"P.S.R.","https://www.osb-desky.cz/barvy-a-laky/p-s-r"
"Pallmann","https://www.osb-desky.cz/barvy-a-laky/pallmann"
"Pattex","https://www.osb-desky.cz/barvy-a-laky/pattex"
"Pébéo","https://www.osb-desky.cz/barvy-a-laky/pebeo"
"Pellachrom","https://www.osb-desky.cz/barvy-a-laky/pellachrom"
"PENOSIL","https://www.osb-desky.cz/barvy-a-laky/penosil"
"Pentart","https://www.osb-desky.cz/barvy-a-laky/pentart"
"Perdix","https://www.osb-desky.cz/barvy-a-laky/perdix"
"PETEC","https://www.osb-desky.cz/barvy-a-laky/petec"
"PG","https://www.osb-desky.cz/barvy-a-laky/pg"
"Plastservis","https://www.osb-desky.cz/barvy-a-laky/plastservis"
"PNZ","https://www.osb-desky.cz/barvy-a-laky/pnz"
"Polykar","https://www.osb-desky.cz/barvy-a-laky/polykar"
"Poola","https://www.osb-desky.cz/barvy-a-laky/poola"
"Pragoprimer Standard","https://www.osb-desky.cz/barvy-a-laky/pragoprimer-standard"
"Praktik","https://www.osb-desky.cz/barvy-a-laky/praktik"
"Presto","https://www.osb-desky.cz/barvy-a-laky/presto"
"Primacol","https://www.osb-desky.cz/barvy-a-laky/primacol"
"Primalex","https://www.osb-desky.cz/barvy-a-laky/primalex"
"PRINCE COLOR","https://www.osb-desky.cz/barvy-a-laky/prince-color"
"Pro-Doma","https://www.osb-desky.cz/barvy-a-laky/pro-doma"
"Pro-Tech","https://www.osb-desky.cz/barvy-a-laky/pro-tech"
"Profi Color","https://www.osb-desky.cz/barvy-a-laky/profi-color"
"PROGold","https://www.osb-desky.cz/barvy-a-laky/progold"
"Prolux","https://www.osb-desky.cz/barvy-a-laky/prolux"
"PROXIM","https://www.osb-desky.cz/barvy-a-laky/proxim"
"PUFAS","https://www.osb-desky.cz/barvy-a-laky/pufas"
"Q-Cover","https://www.osb-desky.cz/barvy-a-laky/q-cover"
"Relius","https://www.osb-desky.cz/barvy-a-laky/relius"
"REM-LACK BIS","https://www.osb-desky.cz/barvy-a-laky/rem-lack-bis"
"Remakol","https://www.osb-desky.cz/barvy-a-laky/remakol"
"Remal","https://www.osb-desky.cz/barvy-a-laky/remal"
"Rembradtin","https://www.osb-desky.cz/barvy-a-laky/rembradtin"
"Remmers","https://www.osb-desky.cz/barvy-a-laky/remmers"
"Renesans","https://www.osb-desky.cz/barvy-a-laky/renesans"
"Renolast","https://www.osb-desky.cz/barvy-a-laky/renolast"
"Revell","https://www.osb-desky.cz/barvy-a-laky/revell"
"RIApower","https://www.osb-desky.cz/barvy-a-laky/riapower"
"Roko","https://www.osb-desky.cz/barvy-a-laky/roko"
"Rokosil Aqua","https://www.osb-desky.cz/barvy-a-laky/rokosil-aqua"
"Rokospol","https://www.osb-desky.cz/barvy-a-laky/rokospol"
"Rosner","https://www.osb-desky.cz/barvy-a-laky/rosner"
"Rubio Monocoat","https://www.osb-desky.cz/barvy-a-laky/rubio-monocoat"
"Rust-Oleum","https://www.osb-desky.cz/barvy-a-laky/rust-oleum"
"Rustbreaker","https://www.osb-desky.cz/barvy-a-laky/rustbreaker"
"Sadolin","https://www.osb-desky.cz/barvy-a-laky/sadolin"
"Saicos","https://www.osb-desky.cz/barvy-a-laky/saicos"
"Saint-Gobain","https://www.osb-desky.cz/barvy-a-laky/saint-gobain"
"San Marco","https://www.osb-desky.cz/barvy-a-laky/san-marco"
"Sanax","https://www.osb-desky.cz/barvy-a-laky/sanax"
"Scandicare","https://www.osb-desky.cz/barvy-a-laky/scandicare"
"Scandiccare","https://www.osb-desky.cz/barvy-a-laky/scandiccare"
"Sedlecký kaolin","https://www.osb-desky.cz/barvy-a-laky/sedlecky-kaolin"
"SELECT","https://www.osb-desky.cz/barvy-a-laky/select"
"Selection","https://www.osb-desky.cz/barvy-a-laky/selection"
"Sennelier","https://www.osb-desky.cz/barvy-a-laky/sennelier"
"Severochema","https://www.osb-desky.cz/barvy-a-laky/severochema"
"SHERON","https://www.osb-desky.cz/barvy-a-laky/sheron"
"Schmincke","https://www.osb-desky.cz/barvy-a-laky/schmincke"
"Schöner Wohnen","https://www.osb-desky.cz/barvy-a-laky/schoner-wohnen"
"Schuller","https://www.osb-desky.cz/barvy-a-laky/schuller"
"Schuller Eh’klar","https://www.osb-desky.cz/barvy-a-laky/schuller-eh-klar"
"Sigma","https://www.osb-desky.cz/barvy-a-laky/sigma"
"Signocryl","https://www.osb-desky.cz/barvy-a-laky/signocryl"
"Sika","https://www.osb-desky.cz/barvy-a-laky/sika"
"Sikkens","https://www.osb-desky.cz/barvy-a-laky/sikkens"
"Slovlak","https://www.osb-desky.cz/barvy-a-laky/slovlak"
"Sniezka","https://www.osb-desky.cz/barvy-a-laky/sniezka"
"Sokrates","https://www.osb-desky.cz/barvy-a-laky/sokrates"
"Soudal","https://www.osb-desky.cz/barvy-a-laky/soudal"
"Spektrum","https://www.osb-desky.cz/barvy-a-laky/spektrum"
"Spies Hecker","https://www.osb-desky.cz/barvy-a-laky/spies-hecker"
"SPS","https://www.osb-desky.cz/barvy-a-laky/sps"
"Stahlmann","https://www.osb-desky.cz/barvy-a-laky/stahlmann"
"Stachema","https://www.osb-desky.cz/barvy-a-laky/stachema"
"Stavebniny DEK","https://www.osb-desky.cz/barvy-a-laky/stavebniny-dek"
"Stefan Kupietz & CoKG","https://www.osb-desky.cz/barvy-a-laky/stefan-kupietz-cokg"
"StyleColor","https://www.osb-desky.cz/barvy-a-laky/stylecolor"
"Supermal","https://www.osb-desky.cz/barvy-a-laky/supermal"
"Supralux","https://www.osb-desky.cz/barvy-a-laky/supralux"
"Swingcolor","https://www.osb-desky.cz/barvy-a-laky/swingcolor"
"Synteko","https://www.osb-desky.cz/barvy-a-laky/synteko"
"TECMAXX","https://www.osb-desky.cz/barvy-a-laky/tecmaxx"
"Teluria","https://www.osb-desky.cz/barvy-a-laky/teluria"
"TESA","https://www.osb-desky.cz/barvy-a-laky/tesa"
"Thermilate","https://www.osb-desky.cz/barvy-a-laky/thermilate"
"Tikkurila","https://www.osb-desky.cz/barvy-a-laky/tikkurila"
"TKK","https://www.osb-desky.cz/barvy-a-laky/tkk"
"Topekor","https://www.osb-desky.cz/barvy-a-laky/topekor"
"TOPSTONE","https://www.osb-desky.cz/barvy-a-laky/topstone"
"Tremco CPG","https://www.osb-desky.cz/barvy-a-laky/tremco-cpg"
"Trikolor","https://www.osb-desky.cz/barvy-a-laky/trikolor"
"U Pepánka","https://www.osb-desky.cz/barvy-a-laky/u-pepanka"
"Uni Hobby","https://www.osb-desky.cz/barvy-a-laky/uni-hobby"
"Unibal","https://www.osb-desky.cz/barvy-a-laky/unibal"
"V.I.P. Italy","https://www.osb-desky.cz/barvy-a-laky/v-i-p-italy"
"Velvana","https://www.osb-desky.cz/barvy-a-laky/velvana"
"Venti","https://www.osb-desky.cz/barvy-a-laky/venti"
"VIP Italy","https://www.osb-desky.cz/barvy-a-laky/vip-italy"
"Vitex","https://www.osb-desky.cz/barvy-a-laky/vitex"
"VITON","https://www.osb-desky.cz/barvy-a-laky/viton"
"Vivechrom","https://www.osb-desky.cz/barvy-a-laky/vivechrom"
"Walrus Oil","https://www.osb-desky.cz/barvy-a-laky/walrus-oil"
"Weber","https://www.osb-desky.cz/barvy-a-laky/weber"
"Weber Terranova","https://www.osb-desky.cz/barvy-a-laky/weber-terranova"
"Wilckens","https://www.osb-desky.cz/barvy-a-laky/wilckens"
"Wildschek","https://www.osb-desky.cz/barvy-a-laky/wildschek"
"Winsor & Newton","https://www.osb-desky.cz/barvy-a-laky/winsor-newton"
"Woca","https://www.osb-desky.cz/barvy-a-laky/woca"
"WoldoClean","https://www.osb-desky.cz/barvy-a-laky/woldoclean"
"Wolfcraft","https://www.osb-desky.cz/barvy-a-laky/wolfcraft"
"Wood Guard","https://www.osb-desky.cz/barvy-a-laky/wood-guard"
"Würth","https://www.osb-desky.cz/barvy-a-laky/wurth"
"Xyladecor","https://www.osb-desky.cz/barvy-a-laky/xyladecor"
"ZINSSER","https://www.osb-desky.cz/barvy-a-laky/zinsser"