Znacka,URL,Pocet banneru
"4CR","https://www.osb-desky.cz/barvy-a-laky/4cr","2"
"A.S. Création","https://www.osb-desky.cz/barvy-a-laky/a-s-creation","1"
"Abamal","https://www.osb-desky.cz/barvy-a-laky/abamal","3"
"ACI","https://www.osb-desky.cz/barvy-a-laky/aci","3"
"Adler Česko","https://www.osb-desky.cz/barvy-a-laky/adler-cesko","10"
"AG TERMOPASTY","https://www.osb-desky.cz/barvy-a-laky/ag-termopasty","2"
"Agama","https://www.osb-desky.cz/barvy-a-laky/agama","2"
"Aktidřevin","https://www.osb-desky.cz/barvy-a-laky/aktidrevin","2"
"Akzo","https://www.osb-desky.cz/barvy-a-laky/akzo","2"
"Akzo Nobel","https://www.osb-desky.cz/barvy-a-laky/akzo-nobel","3"
"Alfachem","https://www.osb-desky.cz/barvy-a-laky/alfachem","2"
"Alkapren","https://www.osb-desky.cz/barvy-a-laky/alkapren","2"
"Alkyton","https://www.osb-desky.cz/barvy-a-laky/alkyton","3"
"Amarit","https://www.osb-desky.cz/barvy-a-laky/amarit","3"
"Apipol-Wax","https://www.osb-desky.cz/barvy-a-laky/apipol-wax","2"
"Articolor","https://www.osb-desky.cz/barvy-a-laky/articolor","2"
"Atlas","https://www.osb-desky.cz/barvy-a-laky/atlas","2"
"Auson","https://www.osb-desky.cz/barvy-a-laky/auson","3"
"Austis","https://www.osb-desky.cz/barvy-a-laky/austis","4"
"AV EQUEN","https://www.osb-desky.cz/barvy-a-laky/av-equen","2"
"Bakrylex","https://www.osb-desky.cz/barvy-a-laky/bakrylex","5"
"Bal Hostivař","https://www.osb-desky.cz/barvy-a-laky/bal-hostivar","2"
"Balakryl","https://www.osb-desky.cz/barvy-a-laky/balakryl","8"
"Baltech","https://www.osb-desky.cz/barvy-a-laky/baltech","4"
"Barlet","https://www.osb-desky.cz/barvy-a-laky/barlet","2"
"Barvy a Laky Hostivař","https://www.osb-desky.cz/barvy-a-laky/barvy-a-laky-hostivar","5"
"Barvy a laky Teluria","https://www.osb-desky.cz/barvy-a-laky/barvy-a-laky-teluria","4"
"Barvy Herman","https://www.osb-desky.cz/barvy-a-laky/barvy-herman","2"
"Barvy Plus","https://www.osb-desky.cz/barvy-a-laky/barvy-plus","6"
"Baumit","https://www.osb-desky.cz/barvy-a-laky/baumit","2"
"BBB barvy","https://www.osb-desky.cz/barvy-a-laky/bbb-barvy","4"
"Belinka","https://www.osb-desky.cz/barvy-a-laky/belinka","5"
"Bisil","https://www.osb-desky.cz/barvy-a-laky/bisil","2"
"BKP GROUP","https://www.osb-desky.cz/barvy-a-laky/bkp-group","4"
"Body Color","https://www.osb-desky.cz/barvy-a-laky/body-color","4"
"Bochemit","https://www.osb-desky.cz/barvy-a-laky/bochemit","2"
"BOLL","https://www.osb-desky.cz/barvy-a-laky/boll","4"
"Bona","https://www.osb-desky.cz/barvy-a-laky/bona","6"
"Bondex","https://www.osb-desky.cz/barvy-a-laky/bondex","6"
"BONDEX WHITE SPIRIT","https://www.osb-desky.cz/barvy-a-laky/bondex-white-spirit","2"
"BoreTech","https://www.osb-desky.cz/barvy-a-laky/boretech","2"
"Bori","https://www.osb-desky.cz/barvy-a-laky/bori","2"
"Borma Wachs","https://www.osb-desky.cz/barvy-a-laky/borma-wachs","4"
"Brunox","https://www.osb-desky.cz/barvy-a-laky/brunox","3"
"Building Plast","https://www.osb-desky.cz/barvy-a-laky/building-plast","3"
"Caparol","https://www.osb-desky.cz/barvy-a-laky/caparol","7"
"Carfit","https://www.osb-desky.cz/barvy-a-laky/carfit","2"
"CARLINE","https://www.osb-desky.cz/barvy-a-laky/carline","2"
"Carlson","https://www.osb-desky.cz/barvy-a-laky/carlson","2"
"CB Chemie Servisní","https://www.osb-desky.cz/barvy-a-laky/cb-chemie-servisni","2"
"Cemix","https://www.osb-desky.cz/barvy-a-laky/cemix","2"
"Ciranova","https://www.osb-desky.cz/barvy-a-laky/ciranova","4"
"Citon","https://www.osb-desky.cz/barvy-a-laky/citon","2"
"Clou","https://www.osb-desky.cz/barvy-a-laky/clou","4"
"Color Company","https://www.osb-desky.cz/barvy-a-laky/color-company","4"
"ColorCity","https://www.osb-desky.cz/barvy-a-laky/colorcity","7"
"Colorex","https://www.osb-desky.cz/barvy-a-laky/colorex","5"
"Colorlak","https://www.osb-desky.cz/barvy-a-laky/colorlak","11"
"Complex - Josef Schellhorn","https://www.osb-desky.cz/barvy-a-laky/complex-josef-schellhorn","3"
"COYOTE","https://www.osb-desky.cz/barvy-a-laky/coyote","2"
"CYKLON","https://www.osb-desky.cz/barvy-a-laky/cyklon","2"
"Čerťák","https://www.osb-desky.cz/barvy-a-laky/certak","2"
"ČESKÝ STAVITEL","https://www.osb-desky.cz/barvy-a-laky/cesky-stavitel","2"
"Dakota Living","https://www.osb-desky.cz/barvy-a-laky/dakota-living","2"
"DEBEER","https://www.osb-desky.cz/barvy-a-laky/debeer","2"
"Deerfos","https://www.osb-desky.cz/barvy-a-laky/deerfos","2"
"Dekfinish","https://www.osb-desky.cz/barvy-a-laky/dekfinish","2"
"Dekoral","https://www.osb-desky.cz/barvy-a-laky/dekoral","2"
"Den Braven","https://www.osb-desky.cz/barvy-a-laky/den-braven","6"
"Denas","https://www.osb-desky.cz/barvy-a-laky/denas","7"
"Detecha","https://www.osb-desky.cz/barvy-a-laky/detecha","9"
"Dexoll","https://www.osb-desky.cz/barvy-a-laky/dexoll","2"
"Dictum","https://www.osb-desky.cz/barvy-a-laky/dictum","4"
"Dispechem","https://www.osb-desky.cz/barvy-a-laky/dispechem","3"
"DISTRIMO","https://www.osb-desky.cz/barvy-a-laky/distrimo","2"
"Druchema","https://www.osb-desky.cz/barvy-a-laky/druchema","4"
"Druchema Lihové mořidlo","https://www.osb-desky.cz/barvy-a-laky/druchema-lihove-moridlo","2"
"Düfa","https://www.osb-desky.cz/barvy-a-laky/dufa","8"
"Dulux","https://www.osb-desky.cz/barvy-a-laky/dulux","9"
"Dupli Color","https://www.osb-desky.cz/barvy-a-laky/dupli-color","5"
"Dynacoat","https://www.osb-desky.cz/barvy-a-laky/dynacoat","2"
"Eco-Solutions Limited","https://www.osb-desky.cz/barvy-a-laky/eco-solutions-limited","2"
"ECOFOL","https://www.osb-desky.cz/barvy-a-laky/ecofol","2"
"Ecoliquid","https://www.osb-desky.cz/barvy-a-laky/ecoliquid","2"
"ELCHEMCo","https://www.osb-desky.cz/barvy-a-laky/elchemco","2"
"EnviChem","https://www.osb-desky.cz/barvy-a-laky/envichem","2"
"Ep Vernici","https://www.osb-desky.cz/barvy-a-laky/ep-vernici","2"
"Epolex","https://www.osb-desky.cz/barvy-a-laky/epolex","2"
"Estetik","https://www.osb-desky.cz/barvy-a-laky/estetik","3"
"Eternal","https://www.osb-desky.cz/barvy-a-laky/eternal","7"
"Euronářadí","https://www.osb-desky.cz/barvy-a-laky/euronaradi","2"
"Faren","https://www.osb-desky.cz/barvy-a-laky/faren","2"
"Farmicol SpA","https://www.osb-desky.cz/barvy-a-laky/farmicol-spa","2"
"Farrow & Ball","https://www.osb-desky.cz/barvy-a-laky/farrow-ball","2"
"Ferdus","https://www.osb-desky.cz/barvy-a-laky/ferdus","3"
"Finalit","https://www.osb-desky.cz/barvy-a-laky/finalit","2"
"Finess","https://www.osb-desky.cz/barvy-a-laky/finess","2"
"Finkolora","https://www.osb-desky.cz/barvy-a-laky/finkolora","2"
"Flagon","https://www.osb-desky.cz/barvy-a-laky/flagon","2"
"Flügger","https://www.osb-desky.cz/barvy-a-laky/flugger","4"
"FN NANO","https://www.osb-desky.cz/barvy-a-laky/fn-nano","2"
"FORCH","https://www.osb-desky.cz/barvy-a-laky/forch","2"
"Fortekryl","https://www.osb-desky.cz/barvy-a-laky/fortekryl","4"
"Fox","https://www.osb-desky.cz/barvy-a-laky/fox","2"
"Fronton","https://www.osb-desky.cz/barvy-a-laky/fronton","2"
"GoTherm","https://www.osb-desky.cz/barvy-a-laky/gotherm","2"
"Granit","https://www.osb-desky.cz/barvy-a-laky/granit","2"
"Gutta","https://www.osb-desky.cz/barvy-a-laky/gutta","2"
"Hadex","https://www.osb-desky.cz/barvy-a-laky/hadex","3"
"Hahn Color","https://www.osb-desky.cz/barvy-a-laky/hahn-color","3"
"Hammerite","https://www.osb-desky.cz/barvy-a-laky/hammerite","4"
"Havlíček truhlářství","https://www.osb-desky.cz/barvy-a-laky/havlicek-truhlarstvi","2"
"HB-Lak","https://www.osb-desky.cz/barvy-a-laky/hb-lak","4"
"Helios","https://www.osb-desky.cz/barvy-a-laky/helios","3"
"Henkel","https://www.osb-desky.cz/barvy-a-laky/henkel","6"
"Herbol","https://www.osb-desky.cz/barvy-a-laky/herbol","7"
"Het","https://www.osb-desky.cz/barvy-a-laky/het","8"
"HF Market","https://www.osb-desky.cz/barvy-a-laky/hf-market","2"
"HF servis","https://www.osb-desky.cz/barvy-a-laky/hf-servis","2"
"HG","https://www.osb-desky.cz/barvy-a-laky/hg","2"
"HLUBNA","https://www.osb-desky.cz/barvy-a-laky/hlubna","2"
"Hokr","https://www.osb-desky.cz/barvy-a-laky/hokr","2"
"Hornbach","https://www.osb-desky.cz/barvy-a-laky/hornbach","7"
"Hostagrund","https://www.osb-desky.cz/barvy-a-laky/hostagrund","3"
"Howard Products","https://www.osb-desky.cz/barvy-a-laky/howard-products","2"
"Hyperticus Bio","https://www.osb-desky.cz/barvy-a-laky/hyperticus-bio","2"
"Chamaleon","https://www.osb-desky.cz/barvy-a-laky/chamaleon","7"
"Chemolak","https://www.osb-desky.cz/barvy-a-laky/chemolak","6"
"Chemoxyl","https://www.osb-desky.cz/barvy-a-laky/chemoxyl","2"
"Chromos","https://www.osb-desky.cz/barvy-a-laky/chromos","2"
"Chytrá zeď","https://www.osb-desky.cz/barvy-a-laky/chytra-zed","2"
"Icla","https://www.osb-desky.cz/barvy-a-laky/icla","4"
"Impranal","https://www.osb-desky.cz/barvy-a-laky/impranal","2"
"Industrol","https://www.osb-desky.cz/barvy-a-laky/industrol","2"
"IZOMAT stavebniny","https://www.osb-desky.cz/barvy-a-laky/izomat-stavebniny","2"
"Jansen","https://www.osb-desky.cz/barvy-a-laky/jansen","5"
"Johnstone´s","https://www.osb-desky.cz/barvy-a-laky/johnstone-s","4"
"JOHNSTONES","https://www.osb-desky.cz/barvy-a-laky/johnstones","2"
"Jub","https://www.osb-desky.cz/barvy-a-laky/jub","6"
"Jupol","https://www.osb-desky.cz/barvy-a-laky/jupol","2"
"K&N Filters","https://www.osb-desky.cz/barvy-a-laky/k-n-filters","1"
"Kabe","https://www.osb-desky.cz/barvy-a-laky/kabe","2"
"Kana","https://www.osb-desky.cz/barvy-a-laky/kana","3"
"Kansai Helios","https://www.osb-desky.cz/barvy-a-laky/kansai-helios","2"
"Karcher","https://www.osb-desky.cz/barvy-a-laky/karcher","3"
"KHB Keramika","https://www.osb-desky.cz/barvy-a-laky/khb-keramika","2"
"Kittfort","https://www.osb-desky.cz/barvy-a-laky/kittfort","8"
"Klumpp Coatings","https://www.osb-desky.cz/barvy-a-laky/klumpp-coatings","2"
"KM PLUS","https://www.osb-desky.cz/barvy-a-laky/km-plus","2"
"Knauf insulation","https://www.osb-desky.cz/barvy-a-laky/knauf-insulation","2"
"Koh-i-noor","https://www.osb-desky.cz/barvy-a-laky/koh-i-noor","4"
"Koopmans","https://www.osb-desky.cz/barvy-a-laky/koopmans","4"
"Kreul","https://www.osb-desky.cz/barvy-a-laky/kreul","2"
"Kwasny","https://www.osb-desky.cz/barvy-a-laky/kwasny","4"
"Labar","https://www.osb-desky.cz/barvy-a-laky/labar","2"
"Lachner","https://www.osb-desky.cz/barvy-a-laky/lachner","2"
"Lazurol","https://www.osb-desky.cz/barvy-a-laky/lazurol","4"
"Lefranc amp Bourgeois","https://www.osb-desky.cz/barvy-a-laky/lefranc-amp-bourgeois","3"
"Leinos","https://www.osb-desky.cz/barvy-a-laky/leinos","6"
"Lesonal","https://www.osb-desky.cz/barvy-a-laky/lesonal","2"
"Lignofix","https://www.osb-desky.cz/barvy-a-laky/lignofix","5"
"LIQUI MOLY","https://www.osb-desky.cz/barvy-a-laky/liqui-moly","4"
"LITHOFIN","https://www.osb-desky.cz/barvy-a-laky/lithofin","2"
"Loba","https://www.osb-desky.cz/barvy-a-laky/loba","2"
"Lučební závody","https://www.osb-desky.cz/barvy-a-laky/lucebni-zavody","2"
"Lučební závody Kolín","https://www.osb-desky.cz/barvy-a-laky/lucebni-zavody-kolin","2"
"Luxol","https://www.osb-desky.cz/barvy-a-laky/luxol","5"
"M-Kavis","https://www.osb-desky.cz/barvy-a-laky/m-kavis","2"
"Malíř","https://www.osb-desky.cz/barvy-a-laky/malir","2"
"Mapei","https://www.osb-desky.cz/barvy-a-laky/mapei","4"
"Marty’s","https://www.osb-desky.cz/barvy-a-laky/marty-s","2"
"Mastersil","https://www.osb-desky.cz/barvy-a-laky/mastersil","3"
"MAT GROUP","https://www.osb-desky.cz/barvy-a-laky/mat-group","4"
"Meffert","https://www.osb-desky.cz/barvy-a-laky/meffert","2"
"METRUM","https://www.osb-desky.cz/barvy-a-laky/metrum","4"
"Mipa","https://www.osb-desky.cz/barvy-a-laky/mipa","7"
"Modulan","https://www.osb-desky.cz/barvy-a-laky/modulan","3"
"Montana Cans","https://www.osb-desky.cz/barvy-a-laky/montana-cans","4"
"Morys","https://www.osb-desky.cz/barvy-a-laky/morys","2"
"Motip","https://www.osb-desky.cz/barvy-a-laky/motip","5"
"Murexin","https://www.osb-desky.cz/barvy-a-laky/murexin","4"
"Nanolab","https://www.osb-desky.cz/barvy-a-laky/nanolab","3"
"Nanoprotech","https://www.osb-desky.cz/barvy-a-laky/nanoprotech","2"
"Novochema","https://www.osb-desky.cz/barvy-a-laky/novochema","4"
"Novol","https://www.osb-desky.cz/barvy-a-laky/novol","2"
"Obi","https://www.osb-desky.cz/barvy-a-laky/obi","8"
"Odie’s","https://www.osb-desky.cz/barvy-a-laky/odie-s","2"
"Okko","https://www.osb-desky.cz/barvy-a-laky/okko","2"
"Oli-Natura","https://www.osb-desky.cz/barvy-a-laky/oli-natura","3"
"Osmo","https://www.osb-desky.cz/barvy-a-laky/osmo","6"
"Owatrol","https://www.osb-desky.cz/barvy-a-laky/owatrol","4"
"P.S.R.","https://www.osb-desky.cz/barvy-a-laky/p-s-r","1"
"Pallmann","https://www.osb-desky.cz/barvy-a-laky/pallmann","3"
"Pattex","https://www.osb-desky.cz/barvy-a-laky/pattex","2"
"Pébéo","https://www.osb-desky.cz/barvy-a-laky/pebeo","2"
"Pellachrom","https://www.osb-desky.cz/barvy-a-laky/pellachrom","3"
"PENOSIL","https://www.osb-desky.cz/barvy-a-laky/penosil","2"
"Pentart","https://www.osb-desky.cz/barvy-a-laky/pentart","6"
"Perdix","https://www.osb-desky.cz/barvy-a-laky/perdix","2"
"PETEC","https://www.osb-desky.cz/barvy-a-laky/petec","4"
"Plastservis","https://www.osb-desky.cz/barvy-a-laky/plastservis","2"
"PNZ","https://www.osb-desky.cz/barvy-a-laky/pnz","6"
"Polykar","https://www.osb-desky.cz/barvy-a-laky/polykar","2"
"Poola","https://www.osb-desky.cz/barvy-a-laky/poola","2"
"Pragoprimer Standard","https://www.osb-desky.cz/barvy-a-laky/pragoprimer-standard","2"
"Praktik","https://www.osb-desky.cz/barvy-a-laky/praktik","3"
"Presto","https://www.osb-desky.cz/barvy-a-laky/presto","2"
"Primacol","https://www.osb-desky.cz/barvy-a-laky/primacol","3"
"Primalex","https://www.osb-desky.cz/barvy-a-laky/primalex","7"
"PRINCE COLOR","https://www.osb-desky.cz/barvy-a-laky/prince-color","2"
"Pro-Doma","https://www.osb-desky.cz/barvy-a-laky/pro-doma","3"
"Pro-Tech","https://www.osb-desky.cz/barvy-a-laky/pro-tech","2"
"Profi Color","https://www.osb-desky.cz/barvy-a-laky/profi-color","2"
"PROGold","https://www.osb-desky.cz/barvy-a-laky/progold","3"
"Prolux","https://www.osb-desky.cz/barvy-a-laky/prolux","3"
"PROXIM","https://www.osb-desky.cz/barvy-a-laky/proxim","3"
"PUFAS","https://www.osb-desky.cz/barvy-a-laky/pufas","4"
"Relius","https://www.osb-desky.cz/barvy-a-laky/relius","2"
"REM-LACK BIS","https://www.osb-desky.cz/barvy-a-laky/rem-lack-bis","2"
"Remakol","https://www.osb-desky.cz/barvy-a-laky/remakol","2"
"Remal","https://www.osb-desky.cz/barvy-a-laky/remal","3"
"Rembradtin","https://www.osb-desky.cz/barvy-a-laky/rembradtin","2"
"Remmers","https://www.osb-desky.cz/barvy-a-laky/remmers","13"
"Renesans","https://www.osb-desky.cz/barvy-a-laky/renesans","4"
"Revell","https://www.osb-desky.cz/barvy-a-laky/revell","2"
"RIApower","https://www.osb-desky.cz/barvy-a-laky/riapower","2"
"Roko","https://www.osb-desky.cz/barvy-a-laky/roko","3"
"Rokosil Aqua","https://www.osb-desky.cz/barvy-a-laky/rokosil-aqua","2"
"Rokospol","https://www.osb-desky.cz/barvy-a-laky/rokospol","8"
"Rosner","https://www.osb-desky.cz/barvy-a-laky/rosner","5"
"Rubio Monocoat","https://www.osb-desky.cz/barvy-a-laky/rubio-monocoat","2"
"Rust-Oleum","https://www.osb-desky.cz/barvy-a-laky/rust-oleum","9"
"Rustbreaker","https://www.osb-desky.cz/barvy-a-laky/rustbreaker","2"
"Sadolin","https://www.osb-desky.cz/barvy-a-laky/sadolin","3"
"Saicos","https://www.osb-desky.cz/barvy-a-laky/saicos","7"
"San Marco","https://www.osb-desky.cz/barvy-a-laky/san-marco","2"
"Sanax","https://www.osb-desky.cz/barvy-a-laky/sanax","3"
"Scandicare","https://www.osb-desky.cz/barvy-a-laky/scandicare","2"
"Scandiccare","https://www.osb-desky.cz/barvy-a-laky/scandiccare","2"
"Sedlecký kaolin","https://www.osb-desky.cz/barvy-a-laky/sedlecky-kaolin","2"
"Selection","https://www.osb-desky.cz/barvy-a-laky/selection","2"
"Sennelier","https://www.osb-desky.cz/barvy-a-laky/sennelier","4"
"SHERON","https://www.osb-desky.cz/barvy-a-laky/sheron","3"
"Schöner Wohnen","https://www.osb-desky.cz/barvy-a-laky/schoner-wohnen","2"
"Schuller","https://www.osb-desky.cz/barvy-a-laky/schuller","2"
"Schuller Eh’klar","https://www.osb-desky.cz/barvy-a-laky/schuller-eh-klar","3"
"Sigma","https://www.osb-desky.cz/barvy-a-laky/sigma","2"
"Signocryl","https://www.osb-desky.cz/barvy-a-laky/signocryl","2"
"Sika","https://www.osb-desky.cz/barvy-a-laky/sika","3"
"Sikkens","https://www.osb-desky.cz/barvy-a-laky/sikkens","5"
"Slovlak","https://www.osb-desky.cz/barvy-a-laky/slovlak","4"
"Sniezka","https://www.osb-desky.cz/barvy-a-laky/sniezka","4"
"Sokrates","https://www.osb-desky.cz/barvy-a-laky/sokrates","8"
"Soudal","https://www.osb-desky.cz/barvy-a-laky/soudal","8"
"Spektrum","https://www.osb-desky.cz/barvy-a-laky/spektrum","2"
"SPS","https://www.osb-desky.cz/barvy-a-laky/sps","5"
"Stachema","https://www.osb-desky.cz/barvy-a-laky/stachema","7"
"Stavebniny DEK","https://www.osb-desky.cz/barvy-a-laky/stavebniny-dek","2"
"Stefan Kupietz & CoKG","https://www.osb-desky.cz/barvy-a-laky/stefan-kupietz-cokg","2"
"StyleColor","https://www.osb-desky.cz/barvy-a-laky/stylecolor","2"
"Supermal","https://www.osb-desky.cz/barvy-a-laky/supermal","3"
"Supralux","https://www.osb-desky.cz/barvy-a-laky/supralux","3"
"Swingcolor","https://www.osb-desky.cz/barvy-a-laky/swingcolor","6"
"Synteko","https://www.osb-desky.cz/barvy-a-laky/synteko","4"
"TECMAXX","https://www.osb-desky.cz/barvy-a-laky/tecmaxx","2"
"Teluria","https://www.osb-desky.cz/barvy-a-laky/teluria","3"
"TESA","https://www.osb-desky.cz/barvy-a-laky/tesa","3"
"Tikkurila","https://www.osb-desky.cz/barvy-a-laky/tikkurila","10"
"TKK","https://www.osb-desky.cz/barvy-a-laky/tkk","3"
"Topekor","https://www.osb-desky.cz/barvy-a-laky/topekor","2"
"TOPSTONE","https://www.osb-desky.cz/barvy-a-laky/topstone","3"
"Tremco CPG","https://www.osb-desky.cz/barvy-a-laky/tremco-cpg","2"
"U Pepánka","https://www.osb-desky.cz/barvy-a-laky/u-pepanka","2"
"Uni Hobby","https://www.osb-desky.cz/barvy-a-laky/uni-hobby","2"
"Unibal","https://www.osb-desky.cz/barvy-a-laky/unibal","2"
"V.I.P. Italy","https://www.osb-desky.cz/barvy-a-laky/v-i-p-italy","2"
"Velvana","https://www.osb-desky.cz/barvy-a-laky/velvana","3"
"VIP Italy","https://www.osb-desky.cz/barvy-a-laky/vip-italy","3"
"Vitex","https://www.osb-desky.cz/barvy-a-laky/vitex","5"
"VITON","https://www.osb-desky.cz/barvy-a-laky/viton","3"
"Vivechrom","https://www.osb-desky.cz/barvy-a-laky/vivechrom","3"
"Walrus Oil","https://www.osb-desky.cz/barvy-a-laky/walrus-oil","3"
"Weber","https://www.osb-desky.cz/barvy-a-laky/weber","4"
"Weber Terranova","https://www.osb-desky.cz/barvy-a-laky/weber-terranova","2"
"Wilckens","https://www.osb-desky.cz/barvy-a-laky/wilckens","7"
"Wildschek","https://www.osb-desky.cz/barvy-a-laky/wildschek","2"
"Winsor & Newton","https://www.osb-desky.cz/barvy-a-laky/winsor-newton","2"
"Woca","https://www.osb-desky.cz/barvy-a-laky/woca","2"
"WoldoClean","https://www.osb-desky.cz/barvy-a-laky/woldoclean","2"
"Wolfcraft","https://www.osb-desky.cz/barvy-a-laky/wolfcraft","3"
"Wood Guard","https://www.osb-desky.cz/barvy-a-laky/wood-guard","2"
"Würth","https://www.osb-desky.cz/barvy-a-laky/wurth","3"
"Xyladecor","https://www.osb-desky.cz/barvy-a-laky/xyladecor","5"
"ZINSSER","https://www.osb-desky.cz/barvy-a-laky/zinsser","2"